{
	"class_name" : "PinholeCameraParameters",
	"extrinsic" : 
	[
		-0.42529128455330506,
		0.27369207376145938,
		-0.86268184868070097,
		0.0,
		0.90243143385134095,
		0.055691102340545161,
		-0.42721892317301197,
		0.0,
		-0.06888272991115163,
		-0.96020370228418039,
		-0.27067327101090077,
		0.0,
		-19.635820492759365,
		46.313053318508082,
		535.4484478973942,
		1.0
	],
	"intrinsic" : 
	{
		"height" : 1061,
		"intrinsic_matrix" : 
		[
			918.85295341528945,
			0.0,
			0.0,
			0.0,
			918.85295341528945,
			0.0,
			959.5,
			530.0,
			1.0
		],
		"width" : 1920
	},
	"version_major" : 1,
	"version_minor" : 0
}